ID;Viande;Legume;Email
1;Salli;Oulett;soulett0@linkedin.com
2;Ertha;Rangell;erangell1@samsung.com
3;Garv;Hawton;ghawton2@wordpress.com
4;Catina;Lob;clob3@aol.com
5;Charla;Robberts;crobberts4@youtu.be
6;Keefe;Plumptre;kplumptre5@list-manage.com
7;Sayers;Calles;scalles6@blog.com
8;Kristi;Trevan;ktrevan7@surveymonkey.com
9;Avis;Wimbush;awimbush8@artisteer.com
10;Jabez;Chansonne;jchansonne9@biglobe.ne.jp
11;Jorey;Chasle;jchaslea@squarespace.com
12;Dion;Margram;dmargramb@soundcloud.com
13;Gaile;Hoodless;ghoodlessc@state.gov
14;Kalindi;Fender;kfenderd@cargocollective.com
15;Corney;Cuddehy;ccuddehye@icq.com
